{
  "name": "Jingle",
  "title": "a html5 mobile framework",
  "description": "html5 webapp framework",
  "version": "0.1.0",
  "homepage": "https://github.com/shixy/Jingle",
  "author": {
    "name": "walker",
    "email": "walker.shixy@gmail.com"
  },
  "repository": {
    "type": "git",
    "url": "git://github.com/shixy/Jingle.git"
  },
  "bugs": {
    "url": "https://github.com/shixy/Jingle/issues"
  },
  "licenses": [
    {
      "type": "MIT",
      "url": "https://github.com/shixy/Jingle/blob/master/LICENSE-MIT"
    }
  ],
  "dependencies": {
    "zepto": "*"
  },
  "keywords": []
}